(.net, (.net;));
(aio-http, (aio-http;));
(aiogram, (aiogram;));
(airflow, (?:airflow|dagster;));
(alembic, (alembic;));
(docker, (docker;));
(algorithms, (algorithms;));
(allure, (allure;));
(alm, (alm;));
(angular, (angular;));
(assembler, (assembler;));
(async, (async;));
(beautifulso, (beautifulsoup|bs;));
(bootstrap, (bootstrap;));
(celery, (celery;));
(ci, (?:ci|cd;));
(clean code, (?:clean code|dry|solid|kiss|clean|flake8|качественн;));
(cmd, (?:cmd|bash|shell;));
(css, (css;));
(sanic, (sanic;));
(fastapi, (fastapi;));
(django, (django;));
(english, (?:english|англ;));
(flask, (flask;));
(jupyter, (jupyter;));
(soft skills, (?:soft skills|leadership|product manag|team;));
(linux, (linux;));
(orm, (?:orm|sql|mongo|postgre|oracle;));
(nginx, (nginx;));
(oop, (oop;));
(unittest, (?:unittest|unit тест|unit-test|unit-тест;));
(selenium, (selenium;));
(messager, (?:messager|telegram|vkontakte|redit;));
(theory, (?:theory|graph|pattern))